{"stats":{"minecraft:dropped":{"alexsmobs:animal_dictionary":2,"minecraft:spruce_log":1},"minecraft:used":{"minecraft:spruce_planks":7,"alexsmobs:animal_dictionary":1},"minecraft:picked_up":{"minecraft:spruce_log":12,"alexsmobs:animal_dictionary":2},"minecraft:crafted":{"minecraft:spruce_planks":12},"minecraft:custom":{"minecraft:jump":56,"minecraft:time_since_rest":6077,"minecraft:damage_dealt":115,"minecraft:damage_taken":150,"minecraft:leave_game":5,"minecraft:play_time":6077,"minecraft:sprint_one_cm":4348,"minecraft:time_since_death":6077,"minecraft:walk_one_cm":7617,"minecraft:total_world_time":6077,"minecraft:fall_one_cm":2185,"minecraft:drop":3,"minecraft:fly_one_cm":7628},"minecraft:mined":{"minecraft:spruce_leaves":2,"minecraft:spruce_log":12}},"DataVersion":3465}