{"stats":{"minecraft:used":{"alexsmobs:animal_dictionary":1},"minecraft:picked_up":{"alexsmobs:animal_dictionary":1},"minecraft:custom":{"minecraft:jump":9,"minecraft:time_since_rest":933,"minecraft:sprint_one_cm":1272,"minecraft:leave_game":2,"minecraft:play_time":933,"minecraft:damage_taken":20,"minecraft:time_since_death":933,"minecraft:walk_one_cm":795,"minecraft:total_world_time":933,"minecraft:fall_one_cm":693,"minecraft:drop":1,"minecraft:fly_one_cm":2435},"minecraft:dropped":{"alexsmobs:animal_dictionary":1}},"DataVersion":3465}