{"stats":{"minecraft:used":{"minecraft:dirt":1},"minecraft:picked_up":{"minecraft:stick":3,"minecraft:rotten_flesh":1,"minecraft:dirt":1},"minecraft:dropped":{"minecraft:rotten_flesh":1,"minecraft:stick":3},"minecraft:killed":{"minecraft:zombie":1},"minecraft:custom":{"minecraft:jump":55,"minecraft:time_since_rest":12396,"minecraft:damage_dealt":212,"minecraft:leave_game":2,"minecraft:play_time":12396,"minecraft:sprint_one_cm":10975,"minecraft:damage_taken":160,"minecraft:time_since_death":12396,"minecraft:walk_one_cm":5312,"minecraft:total_world_time":12396,"minecraft:mob_kills":1,"minecraft:drop":4,"minecraft:fall_one_cm":1020,"minecraft:fly_one_cm":3537},"minecraft:mined":{"minecraft:grass_block":1,"minecraft:spruce_leaves":7,"minecraft:fern":1}},"DataVersion":3465}