{"stats":{"minecraft:dropped":{"minecraft:rotten_flesh":1,"minecraft:stick":3},"minecraft:used":{"minecraft:dirt":1,"alexsmobs:animal_dictionary":2},"minecraft:picked_up":{"minecraft:stick":3,"minecraft:rotten_flesh":1,"minecraft:dirt":1},"minecraft:custom":{"minecraft:time_since_rest":16060,"minecraft:sprint_one_cm":16682,"minecraft:play_time":16060,"minecraft:damage_taken":175,"minecraft:walk_one_cm":8576,"minecraft:mob_kills":1,"minecraft:drop":4,"minecraft:jump":78,"minecraft:damage_dealt":212,"minecraft:leave_game":7,"minecraft:time_since_death":16060,"minecraft:total_world_time":16060,"minecraft:fall_one_cm":1647,"minecraft:fly_one_cm":7985},"minecraft:killed":{"minecraft:zombie":1},"minecraft:mined":{"minecraft:grass_block":1,"minecraft:spruce_leaves":7,"minecraft:fern":1}},"DataVersion":3465}