{"stats":{"minecraft:dropped":{"minecraft:rotten_flesh":1,"minecraft:stick":3},"minecraft:used":{"minecraft:dirt":1,"alexsmobs:animal_dictionary":1},"minecraft:picked_up":{"minecraft:stick":3,"minecraft:rotten_flesh":1,"minecraft:dirt":1},"minecraft:custom":{"minecraft:time_since_rest":14494,"minecraft:sprint_one_cm":13410,"minecraft:play_time":14494,"minecraft:damage_taken":160,"minecraft:walk_one_cm":6921,"minecraft:mob_kills":1,"minecraft:drop":4,"minecraft:jump":58,"minecraft:damage_dealt":212,"minecraft:leave_game":5,"minecraft:time_since_death":14494,"minecraft:total_world_time":14494,"minecraft:fall_one_cm":1229,"minecraft:fly_one_cm":4464},"minecraft:killed":{"minecraft:zombie":1},"minecraft:mined":{"minecraft:grass_block":1,"minecraft:spruce_leaves":7,"minecraft:fern":1}},"DataVersion":3465}